{
	"title":"111",
	"descr":"",
	"backgroundColor":"",
	"categoryId":"",
	"templateId":"",
	"picUrl":"",
	"remark":"",
	"plugInList":[
		{
			"plugInIdStr":"",
			"displayNo":0,
			"identity":"M1001",
			"backgroundColor":"#FFFFFF",
			"bgPicUrl":"",
			"height":0,
			"width":0,
			"fullscreen":0,
			"txtHtml":"",
			"btnColor":"#FFFFFF",
			"btnSelectedColor":"#138ED4",
			"plugIntype":2,
			"showType":20,
			"subPlugInList":[
				{"plugInCommonIdStr":"",
				"plugInIdStr":"",
				"name":"1",
				"displayNo":0,
				"picUrl":"",
				"link":"",
				"linkType":0,
				"btnColor":"#FFFFFF",
				"btnSelectedColor":"#138ED4",
				"showPicUrl":"",
				"plugInType":2,
				"showType":20
				},
				{"plugInCommonIdStr":"",
				"plugInIdStr":"",
				"name":"2",
				"displayNo":0,
				"picUrl":"",
				"link":"",
				"linkType":0,
				"btnColor":"#FFFFFF",
				"btnSelectedColor":"#138ED4",
				"showPicUrl":"",
				"plugInType":2,
				"showType":20
				},
				{"plugInCommonIdStr":"",
				"plugInIdStr":"",
				"name":"3",
				"displayNo":0,
				"picUrl":"",
				"link":"",
				"linkType":0,
				"btnColor":"#FFFFFF",
				"btnSelectedColor":"#138ED4",
				"showPicUrl":"",
				"plugInType":2,
				"showType":20
				},
				{"plugInCommonIdStr":"",
				"plugInIdStr":"",
				"name":"4",
				"displayNo":0,
				"picUrl":"",
				"link":"",
				"linkType":0,
				"btnColor":"#FFFFFF",
				"btnSelectedColor":"#138ED4",
				"showPicUrl":"",
				"plugInType":2,
				"showType":20
				}
			]
		},
		{
			"plugInIdStr":"",
			"displayNo":"",
			"identity":"M1002",
			"backgroundColor":"#F1F0F6",
			"showbgPicUrl":"",
			"bgPicUrl":"",
			"height":"",
			"width":"",
			"fullscreen":"",
			"txtHtml":"",
			"plugIntype":30,
			"showType":1,
			"subPlugInList":[
				{"plugInProductIdStr":"",
				"plugInIdStr":"",
				"displayNo":0,
				"picUrl":"",
				"price":"0.01",
				"originalPrice":"0",
				"descr":"",
				"link":"",
				"productId":"",
				"productIdStr":"tewd6lbw",
				"tag":"",
				"title":"测试",
				"stype":1,
				"showpicUrl":"http://shop-image.bookingtee.com/1EF9F82B34E45F499E76442335B4B18A.jpg",
				"plugIntype":30,
				"showType":1
				},
				{"plugInProductIdStr":"",
				"plugInIdStr":"",
				"displayNo":0,
				"picUrl":"",
				"price":"400",
				"originalPrice":"100",
				"descr":"",
				"link":"",
				"productId":"",
				"productIdStr":"tewd6lbu",
				"tag":"",
				"title":"她的衣裳",
				"stype":1,
				"showpicUrl":"http://shop-image.bookingtee.com/3F12862EAA47B82381B07A49167DD835.jpg",
				"plugIntype":30,
				"showType":1
				}
			]
		}
	],
	"weiPageIdStr":""
}